Astronauta;Sophie Adenot;France;PILOTAR,INGENIERIA;
Astronauta;Pablo Álvarez Fernández;Spain;INVESTIGACION,PILOTAR,MEDICINA;
Astronauta;Meganne Christian;UK;PILOTAR,INGENIERIA;
Astronauta;Anthea Comellini;Italy;MEDICINA,PILOTAR;
Astronauta;Rosemary Coogan;UK;PILOTAR,INVESTIGACION,MEDICINA;
Astronauta;Sara García Alonso;Spain;PILOTAR,INVESTIGACION;
Astronauta;Raphaël Liégeois;Belgium;INVESTIGACION,MEDICINA;
Astronauta;John McFall;UK;INVESTIGACION,INGENIERIA,MEDICINA;
Astronauta;Andrea Patassa;Italy;MEDICINA,INVESTIGACION;
Astronauta;Carmen Possnig;Austria;INVESTIGACION,MEDICINA;
Astronauta;Arnaud Prost;France;INVESTIGACION,INGENIERIA;
Astronauta;Amelie Schoenenwald;Germany;MEDICINA;
Astronauta;Marco Sieber;Switzerland;INGENIERIA,MEDICINA,PILOTAR;
Astronauta;Aleš Svoboda;Czech Republic;PILOTAR,MEDICINA;
Astronauta;Sławosz Uznański;Poland;MEDICINA,PILOTAR;
Astronauta;Marcus Wandt;Sweden;INVESTIGACION,INGENIERIA,PILOTAR;
Astronauta;Nicola Winter;Germany;PILOTAR,INGENIERIA;
Personal de Tierra;Ana García;Spain;1;
Personal de Tierra;John Ors;France;1;
Personal de Tierra;Andrea Johnson;Italy;1;
Personal de Tierra;Mark Becker;Germany;1;
Personal de Tierra;Laura Bocelli;UK;1;
Personal de Tierra;Ana García;Belgium;1;
Personal de Tierra;John Ors;Spain;1;
Personal de Tierra;Andrea Johnson;France;1;
Personal de Tierra;Mark Becker;Italy;1;
Personal de Tierra;Laura Bocelli;Germany;1;
Personal de Tierra;Ana García;UK;1;
Personal de Tierra;John Ors;Belgium;1;
Personal de Tierra;Andrea Johnson;Spain;1;
Personal de Tierra;Mark Becker;France;1;
Personal de Tierra;Laura Bocelli;Italy;1;
Personal de Tierra;Ana García;Germany;1;
Personal de Tierra;John Ors;UK;1;
Personal de Tierra;Andrea Johnson;Belgium;1;
Personal de Tierra;Mark Becker;Spain;1;
Personal de Tierra;Laura Bocelli;France;1;
Personal de Tierra;Ana García;Italy;1;
Personal de Tierra;John Ors;Germany;1;
Personal de Tierra;Andrea Johnson;UK;1;
Personal de Tierra;Mark Becker;Belgium;1;
Personal de Tierra;Laura Bocelli;Spain;1;
Personal de Tierra;Ana García;France;1;
Personal de Tierra;John Ors;Italy;1;
Personal de Tierra;Andrea Johnson;Germany;1;
Personal de Tierra;Mark Becker;UK;1;
Personal de Tierra;Laura Bocelli;Belgium;1;
Personal de Tierra;Ana García;Spain;1;
Personal de Tierra;John Ors;France;1;
Personal de Tierra;Andrea Johnson;Italy;1;
Personal de Tierra;Mark Becker;Germany;1;
Personal de Tierra;Laura Bocelli;UK;1;
Personal de Tierra;Ana García;Belgium;1;
Personal de Tierra;John Ors;Spain;1;
Personal de Tierra;Andrea Johnson;France;1;
Personal de Tierra;Mark Becker;Italy;1;
Personal de Tierra;Laura Bocelli;Germany;1;
Personal de Tierra;Ana García;UK;1;
Personal de Tierra;John Ors;Belgium;1;
Personal de Tierra;Andrea Johnson;Spain;1;
Personal de Tierra;Mark Becker;France;1;
Personal de Tierra;Laura Bocelli;Italy;1;
Personal de Tierra;Ana García;Germany;1;
Personal de Tierra;John Ors;UK;1;
Personal de Tierra;Andrea Johnson;Belgium;1;
Personal de Tierra;Mark Becker;Spain;1;
Personal de Tierra;Laura Bocelli;France;1;
Personal de Tierra;Ana García;Spain;2;
Personal de Tierra;Andrea Ors;Italy;2;
Personal de Tierra;Laura Johnson;UK;2;
Personal de Tierra;John Becker;Spain;2;
Personal de Tierra;Mark Bocelli;Italy;2;
Personal de Tierra;Ana García;UK;2;
Personal de Tierra;Andrea Ors;Spain;2;
Personal de Tierra;Laura Johnson;Italy;2;
Personal de Tierra;John Becker;UK;2;
Personal de Tierra;Mark Bocelli;Spain;2;
Personal de Tierra;Ana García;Italy;2;
Personal de Tierra;Andrea Ors;UK;2;
Personal de Tierra;Laura Johnson;Spain;2;
Personal de Tierra;John Becker;Italy;2;
Personal de Tierra;Mark Bocelli;UK;2;
Personal de Tierra;Ana García;Spain;2;
Personal de Tierra;Andrea Ors;Italy;2;
Personal de Tierra;Laura Johnson;UK;2;
Personal de Tierra;John Becker;Spain;2;
Personal de Tierra;Mark Bocelli;Italy;2;
Personal de Tierra;Ana García;UK;2;
Personal de Tierra;Andrea Ors;Spain;2;
Personal de Tierra;Laura Johnson;Italy;2;
Personal de Tierra;John Becker;UK;2;
Personal de Tierra;Mark Bocelli;Spain;2;
Personal de Tierra;Ana García;Italy;2;
Personal de Tierra;Andrea Ors;UK;2;
Personal de Tierra;Laura Johnson;Spain;2;
Personal de Tierra;John Becker;Italy;2;
Personal de Tierra;Mark Bocelli;UK;2;
Personal de Tierra;Ana García;Spain;2;
Personal de Tierra;Andrea Ors;Italy;2;
Personal de Tierra;Laura Johnson;UK;2;
Personal de Tierra;John Becker;Spain;2;
Personal de Tierra;Mark Bocelli;Italy;2;
Personal de Tierra;Ana García;UK;2;
Personal de Tierra;Andrea Ors;Spain;2;
Personal de Tierra;Laura Johnson;Italy;2;
Personal de Tierra;John Becker;UK;2;
Personal de Tierra;Mark Bocelli;Spain;2;
Personal de Tierra;Ana García;Italy;2;
Personal de Tierra;Andrea Ors;UK;2;
Personal de Tierra;Laura Johnson;Spain;2;
Personal de Tierra;John Becker;Italy;2;
Personal de Tierra;Mark Bocelli;UK;2;
Personal de Tierra;Ana García;Spain;2;
Personal de Tierra;Andrea Ors;Italy;2;
Personal de Tierra;Laura Johnson;UK;2;
Personal de Tierra;John Becker;Spain;2;
Personal de Tierra;Mark Bocelli;Italy;2;
Personal de Tierra;Ana García;Spain;3;
Personal de Tierra;Mark Ors;Germany;3;
Personal de Tierra;John Johnson;Spain;3;
Personal de Tierra;Laura Becker;Germany;3;
Personal de Tierra;Andrea Bocelli;Spain;3;
Personal de Tierra;Ana García;Germany;3;
Personal de Tierra;Mark Ors;Spain;3;
Personal de Tierra;John Johnson;Germany;3;
Personal de Tierra;Laura Becker;Spain;3;
Personal de Tierra;Andrea Bocelli;Germany;3;
Personal de Tierra;Ana García;Spain;3;
Personal de Tierra;Mark Ors;Germany;3;
Personal de Tierra;John Johnson;Spain;3;
Personal de Tierra;Laura Becker;Germany;3;
Personal de Tierra;Andrea Bocelli;Spain;3;
Personal de Tierra;Ana García;Germany;3;
Personal de Tierra;Mark Ors;Spain;3;
Personal de Tierra;John Johnson;Germany;3;
Personal de Tierra;Laura Becker;Spain;3;
Personal de Tierra;Andrea Bocelli;Germany;3;
Personal de Tierra;Ana García;Spain;3;
Personal de Tierra;Mark Ors;Germany;3;
Personal de Tierra;John Johnson;Spain;3;
Personal de Tierra;Laura Becker;Germany;3;
Personal de Tierra;Andrea Bocelli;Spain;3;
Personal de Tierra;Ana García;Germany;3;
Personal de Tierra;Mark Ors;Spain;3;
Personal de Tierra;John Johnson;Germany;3;
Personal de Tierra;Laura Becker;Spain;3;
Personal de Tierra;Andrea Bocelli;Germany;3;
Personal de Tierra;Ana García;Spain;3;
Personal de Tierra;Mark Ors;Germany;3;
Personal de Tierra;John Johnson;Spain;3;
Personal de Tierra;Laura Becker;Germany;3;
Personal de Tierra;Andrea Bocelli;Spain;3;
Personal de Tierra;Ana García;Germany;3;
Personal de Tierra;Mark Ors;Spain;3;
Personal de Tierra;John Johnson;Germany;3;
Personal de Tierra;Laura Becker;Spain;3;
Personal de Tierra;Andrea Bocelli;Germany;3;
Personal de Tierra;Ana García;Spain;3;
Personal de Tierra;Mark Ors;Germany;3;
Personal de Tierra;John Johnson;Spain;3;
Personal de Tierra;Laura Becker;Germany;3;
Personal de Tierra;Andrea Bocelli;Spain;3;
Personal de Tierra;Ana García;Germany;3;
Personal de Tierra;Mark Ors;Spain;3;
Personal de Tierra;John Johnson;Germany;3;
Personal de Tierra;Laura Becker;Spain;3;
Personal de Tierra;Andrea Bocelli;Germany;3;
Personal de Tierra;Ana García;Spain;4;
Personal de Tierra;Laura Ors;UK;4;
Personal de Tierra;Mark Johnson;Italy;4;
Personal de Tierra;Andrea Becker;Spain;4;
Personal de Tierra;John Bocelli;UK;4;
Personal de Tierra;Ana García;Italy;4;
Personal de Tierra;Laura Ors;Spain;4;
Personal de Tierra;Mark Johnson;UK;4;
Personal de Tierra;Andrea Becker;Italy;4;
Personal de Tierra;John Bocelli;Spain;4;
Personal de Tierra;Ana García;UK;4;
Personal de Tierra;Laura Ors;Italy;4;
Personal de Tierra;Mark Johnson;Spain;4;
Personal de Tierra;Andrea Becker;UK;4;
Personal de Tierra;John Bocelli;Italy;4;
Personal de Tierra;Ana García;Spain;4;
Personal de Tierra;Laura Ors;UK;4;
Personal de Tierra;Mark Johnson;Italy;4;
Personal de Tierra;Andrea Becker;Spain;4;
Personal de Tierra;John Bocelli;UK;4;
Personal de Tierra;Ana García;Italy;4;
Personal de Tierra;Laura Ors;Spain;4;
Personal de Tierra;Mark Johnson;UK;4;
Personal de Tierra;Andrea Becker;Italy;4;
Personal de Tierra;John Bocelli;Spain;4;
Personal de Tierra;Ana García;UK;4;
Personal de Tierra;Laura Ors;Italy;4;
Personal de Tierra;Mark Johnson;Spain;4;
Personal de Tierra;Andrea Becker;UK;4;
Personal de Tierra;John Bocelli;Italy;4;
Personal de Tierra;Ana García;Spain;4;
Personal de Tierra;Laura Ors;UK;4;
Personal de Tierra;Mark Johnson;Italy;4;
Personal de Tierra;Andrea Becker;Spain;4;
Personal de Tierra;John Bocelli;UK;4;
Personal de Tierra;Ana García;Italy;4;
Personal de Tierra;Laura Ors;Spain;4;
Personal de Tierra;Mark Johnson;UK;4;
Personal de Tierra;Andrea Becker;Italy;4;
Personal de Tierra;John Bocelli;Spain;4;
Personal de Tierra;Ana García;UK;4;
Personal de Tierra;Laura Ors;Italy;4;
Personal de Tierra;Mark Johnson;Spain;4;
Personal de Tierra;Andrea Becker;UK;4;
Personal de Tierra;John Bocelli;Italy;4;
Personal de Tierra;Ana García;Spain;4;
Personal de Tierra;Laura Ors;UK;4;
Personal de Tierra;Mark Johnson;Italy;4;
Personal de Tierra;Andrea Becker;Spain;4;
Personal de Tierra;John Bocelli;UK;4;
Personal de Tierra;Ana García;Spain;5;
Personal de Tierra;Ana Ors;Belgium;5;
Personal de Tierra;Ana Johnson;UK;5;
Personal de Tierra;Ana Becker;Germany;5;
Personal de Tierra;Ana Bocelli;Italy;5;
Personal de Tierra;Ana García;France;5;
Personal de Tierra;Ana Ors;Spain;5;
Personal de Tierra;Ana Johnson;Belgium;5;
Personal de Tierra;Ana Becker;UK;5;
Personal de Tierra;Ana Bocelli;Germany;5;
Personal de Tierra;Ana García;Italy;5;
Personal de Tierra;Ana Ors;France;5;
Personal de Tierra;Ana Johnson;Spain;5;
Personal de Tierra;Ana Becker;Belgium;5;
Personal de Tierra;Ana Bocelli;UK;5;
Personal de Tierra;Ana García;Germany;5;
Personal de Tierra;Ana Ors;Italy;5;
Personal de Tierra;Ana Johnson;France;5;
Personal de Tierra;Ana Becker;Spain;5;
Personal de Tierra;Ana Bocelli;Belgium;5;
Personal de Tierra;Ana García;UK;5;
Personal de Tierra;Ana Ors;Germany;5;
Personal de Tierra;Ana Johnson;Italy;5;
Personal de Tierra;Ana Becker;France;5;
Personal de Tierra;Ana Bocelli;Spain;5;
Personal de Tierra;Ana García;Belgium;5;
Personal de Tierra;Ana Ors;UK;5;
Personal de Tierra;Ana Johnson;Germany;5;
Personal de Tierra;Ana Becker;Italy;5;
Personal de Tierra;Ana Bocelli;France;5;
Personal de Tierra;Ana García;Spain;5;
Personal de Tierra;Ana Ors;Belgium;5;
Personal de Tierra;Ana Johnson;UK;5;
Personal de Tierra;Ana Becker;Germany;5;
Personal de Tierra;Ana Bocelli;Italy;5;
Personal de Tierra;Ana García;France;5;
Personal de Tierra;Ana Ors;Spain;5;
Personal de Tierra;Ana Johnson;Belgium;5;
Personal de Tierra;Ana Becker;UK;5;
Personal de Tierra;Ana Bocelli;Germany;5;
Personal de Tierra;Ana García;Italy;5;
Personal de Tierra;Ana Ors;France;5;
Personal de Tierra;Ana Johnson;Spain;5;
Personal de Tierra;Ana Becker;Belgium;5;
Personal de Tierra;Ana Bocelli;UK;5;
Personal de Tierra;Ana García;Germany;5;
Personal de Tierra;Ana Ors;Italy;5;
Personal de Tierra;Ana Johnson;France;5;
Personal de Tierra;Ana Becker;Spain;5;
Personal de Tierra;Ana Bocelli;Belgium;5;
